{
  "block": {
    "size": { "w": 2, "h": 2 },
    "cells": [
      { "x": 0, "y": 0 },
      { "x": 1, "y": 0 },
      { "x": 0, "y": 1 },
      { "x": 1, "y": 1 }
    ]
  },

  "beehive": {
    "size": { "w": 4, "h": 3 },
    "cells": [
      { "x": -1, "y": 0 },
      { "x": 0, "y": -1 },
      { "x": 1, "y": -1 },
      { "x": 2, "y": 0 },
      { "x": 0, "y": 1 },
      { "x": 1, "y": 1 }
    ]
  },

  "loaf": {
    "size": { "w": 4, "h": 4 },
    "cells": [
      { "x": 0, "y": -1 },
      { "x": 1, "y": -2 },
      { "x": 2, "y": -2 },
      { "x": 3, "y": -1 },
      { "x": 1, "y": 0 },
      { "x": 2, "y": 1 },
      { "x": 3, "y": 0 }
    ]
  },

  "blinker": {
    "size": { "w": 1, "h": 3 },
    "cells": [
      { "x": 0, "y": -1 },
      { "x": 0, "y": 0 },
      { "x": 0, "y": 1 }
    ]
  },

  "toad": {
    "size": { "w": 4, "h": 2 },
    "cells": [
      { "x": -1, "y": 0 },
      { "x": 0, "y": 0 },
      { "x": 1, "y": 0 },
      { "x": 0, "y": 1 },
      { "x": 1, "y": 1 },
      { "x": 2, "y": 1 }
    ]
  },

  "beacon": {
    "size": { "w": 4, "h": 4 },
    "cells": [
      { "x": -2, "y": -2 },
      { "x": -1, "y": -2 },
      { "x": -2, "y": -1 },
      { "x": 1, "y": 1 },
      { "x": 2, "y": 1 },
      { "x": 2, "y": 2 },
      { "x": 1, "y": 2 }
    ]
  },

  "glider": {
    "size": { "w": 3, "h": 3 },
    "cells": [
      { "x": 0, "y": -1 },
      { "x": 1, "y": 0 },
      { "x": -1, "y": 1 },
      { "x": 0, "y": 1 },
      { "x": 1, "y": 1 }
    ]
  },

  "lwss": {
    "size": { "w": 5, "h": 4 },
    "cells": [
      { "x": -2, "y": -1 },
      { "x": 1, "y": -1 },
      { "x": 2, "y": 0 },
      { "x": 2, "y": 1 },
      { "x": -2, "y": 1 },
      { "x": -1, "y": 2 },
      { "x": 0, "y": 2 },
      { "x": 1, "y": 2 },
      { "x": 2, "y": 2 }
    ]
  },

  "r_pentomino": {
    "size": { "w": 3, "h": 3 },
    "cells": [
      { "x": 0, "y": -1 },
      { "x": 1, "y": -1 },
      { "x": -1, "y": 0 },
      { "x": 0, "y": 0 },
      { "x": 0, "y": 1 }
    ]
  },

  "diehard": {
    "size": { "w": 8, "h": 3 },
    "cells": [
      { "x": -3, "y": 0 },
      { "x": -2, "y": 0 },
      { "x": -2, "y": 1 },
      { "x": 3, "y": 1 },
      { "x": 2, "y": -1 },
      { "x": 3, "y": -1 },
      { "x": 4, "y": -1 }
    ]
  },

  "acorn": {
    "size": { "w": 7, "h": 3 },
    "cells": [
      { "x": -3, "y": 0 },
      { "x": -1, "y": 0 },
      { "x": -1, "y": -1 },
      { "x": 1, "y": 1 },
      { "x": 2, "y": 1 },
      { "x": 3, "y": 1 },
      { "x": 0, "y": -1 }
    ]
  },

  "gosper_glider_gun": {
    "size": { "w": 36, "h": 9 },
    "cells": [
      { "x": -18, "y": 0 },
      { "x": -17, "y": 0 },
      { "x": -18, "y": 1 },
      { "x": -17, "y": 1 },
      { "x": -8, "y": 0 },
      { "x": -7, "y": 0 },
      { "x": -9, "y": 1 },
      { "x": -5, "y": 1 },
      { "x": -10, "y": 2 },
      { "x": -6, "y": 2 },
      { "x": -10, "y": 3 },
      { "x": -6, "y": 3 },
      { "x": -9, "y": 4 },
      { "x": -5, "y": 4 },
      { "x": -8, "y": 5 },
      { "x": -7, "y": 5 },
      { "x": 4, "y": 1 },
      { "x": 4, "y": 2 },
      { "x": 4, "y": 3 },
      { "x": 5, "y": 1 },
      { "x": 5, "y": 3 },
      { "x": 6, "y": 2 },
      { "x": 14, "y": 0 },
      { "x": 14, "y": 1 },
      { "x": 15, "y": 0 },
      { "x": 15, "y": 1 }
    ]
  },
  "lightweight_spaceship": {
    "size": { "w": 5, "h": 4 },
    "cells": [
      { "x": -2, "y": -1 },
      { "x": -1, "y": -1 },
      { "x": 0, "y": -1 },
      { "x": 1, "y": -1 },
      { "x": -2, "y": 0 },
      { "x": 1, "y": 0 },
      { "x": 1, "y": 1 },
      { "x": -2, "y": 2 },
      { "x": -1, "y": 2 }
    ]
  },
  "small_exploder": {
    "size": { "w": 3, "h": 3 },
    "cells": [
      { "x": 0, "y": -1 },
      { "x": -1, "y": 0 },
      { "x": 0, "y": 0 },
      { "x": 1, "y": 0 }
    ]
  }
}
